dBm,LNA,MIX,VGA,signal,noise,adc_min,adc_max,above_threshold
,4,4,4,-79.87,-60.37,-7,7,0.00
-110,4,4,4,-70.97,-60.38,-8,9,0.00
-109,4,4,4,-70.17,-60.39,-8,7,0.00
-108,4,4,4,-69.29,-60.45,-8,7,0.00
-107,4,4,4,-68.15,-60.46,-8,7,0.00
-106,4,4,4,-67.18,-60.44,-8,7,0.00
-105,4,4,4,-66.25,-60.46,-8,9,0.00
-104,4,4,4,-65.31,-60.42,-8,7,0.00
-103,4,4,4,-64.26,-60.45,-8,8,0.00
-102,4,4,4,-63.34,-60.48,-9,8,0.00
-101,4,4,4,-62.36,-60.48,-8,9,0.00
-100,4,4,4,-61.35,-60.50,-9,8,0.00
-99,4,4,4,-60.42,-60.53,-9,7,0.00
-98,4,4,4,-59.41,-60.52,-8,8,0.00
-97,4,4,4,-58.45,-60.52,-9,9,0.00
-96,4,4,4,-57.45,-60.51,-9,10,0.00
-95,4,4,4,-56.54,-60.54,-10,10,0.00
-94,4,4,4,-55.56,-60.53,-10,8,0.00
-93,4,4,4,-54.58,-60.53,-10,10,0.00
-92,4,4,4,-53.61,-60.53,-10,10,0.00
-91,4,4,4,-52.66,-60.58,-11,11,0.00
-90,4,4,4,-51.66,-60.57,-11,11,0.00
-89,4,4,4,-50.71,-60.57,-12,12,0.00
-88,4,4,4,-49.73,-60.57,-13,12,0.00
-87,4,4,4,-48.79,-60.57,-13,11,0.00
-86,4,4,4,-47.78,-60.56,-14,13,0.00
-85,4,4,4,-46.85,-60.60,-14,15,0.00
-84,4,4,4,-45.92,-60.59,-15,14,0.00
-83,4,4,4,-45.04,-60.58,-16,16,0.00
-82,4,4,4,-44.15,-60.59,-17,17,0.00
-81,4,4,4,-43.33,-60.60,-18,18,0.00
-80,4,4,4,-41.92,-60.58,-20,20,0.00
-79,4,4,4,-40.89,-60.60,-21,21,0.00
-78,4,4,4,-39.91,-60.61,-23,22,0.00
-77,4,4,4,-38.87,-60.64,-25,25,0.00
-76,4,4,4,-37.92,-60.59,-27,26,0.00
-75,4,4,4,-36.88,-60.60,-31,30,0.00
-74,4,4,4,-35.92,-60.57,-33,32,0.00
-73,4,4,4,-34.91,-60.60,-36,36,0.00
-72,4,4,4,-33.96,-60.57,-39,39,0.00
-71,4,4,4,-32.94,-60.62,-43,42,0.00
-70,4,4,4,-32.00,-60.59,-48,46,0.00
-69,4,4,4,-31.02,-60.54,-53,51,0.00
-68,4,4,4,-30.05,-60.51,-59,56,0.00
-67,4,4,4,-29.04,-60.47,-64,62,0.00
-66,4,4,4,-28.08,-60.41,-71,70,0.00
-65,4,4,4,-27.08,-60.39,-78,77,0.00
-64,4,4,4,-26.13,-60.36,-87,85,0.00
-63,4,4,4,-25.15,-60.25,-97,95,0.00
-62,4,4,4,-24.20,-60.17,-108,106,0.00
-61,4,4,4,-23.21,-60.12,-120,118,0.00
-60,4,4,4,-22.24,-60.04,-134,133,0.00
-59,4,4,4,-21.25,-59.86,-148,147,0.00
-58,4,4,4,-20.30,-59.68,-164,163,0.00
-57,4,4,4,-19.31,-59.50,-183,182,0.00
-56,4,4,4,-18.36,-59.22,-203,202,0.00
-55,4,4,4,-17.34,-58.94,-227,227,0.00
-54,4,4,4,-16.39,-58.67,-254,253,0.00
-53,4,4,4,-15.44,-58.26,-281,282,0.00
-52,4,4,4,-14.53,-57.84,-313,312,0.00
-51,4,4,4,-13.61,-57.35,-348,346,0.00
-50,4,4,4,-12.75,-56.94,-383,382,0.00
-49,4,4,4,-11.69,-56.33,-432,430,0.00
-48,4,4,4,-10.57,-55.56,-489,489,0.00
-47,4,4,4,-9.49,-54.74,-554,554,0.00
-46,4,4,4,-8.59,-54.16,-614,614,0.00
-45,4,4,4,-7.69,-53.37,-681,680,0.00
